Округ,Регион,Город,Предприятие,Кол-во зачисленных
Приволжский федеральный округ,Кировская область,Киров,"ПАО ""Кировский завод ""Маяк""",2
Северо-Западный федеральный округ,Санкт-Петербург,Санкт-Петербург,АО «Концерн «МПО - Гидроприбор»,6
Северо-Западный федеральный округ,Санкт-Петербург,Санкт-Петербург,АО «Концерн «Океанприбор»,2
Северо-Западный федеральный округ,Санкт-Петербург,Санкт-Петербург,ОАО «Авангард»,1
Северо-Западный федеральный округ,Санкт-Петербург,Санкт-Петербург,АО «Концерн «Гранит-Электрон»,5
Северо-Западный федеральный округ,Санкт-Петербург,Санкт-Петербург,"ООО ""Кулон""",1
Северо-Западный федеральный округ,Санкт-Петербург,Санкт-Петербург,АО «НПП «Радар ммс»,12
Северо-Западный федеральный округ,Санкт-Петербург,Ломоносов,АО «НИИ Мортеплотехники»,1
Северо-Западный федеральный округ,Ленинградская область,Сосновый Бор,ФГУП «НИТИ им. А.П. Александрова»,1
Северо-Западный федеральный округ,Санкт-Петербург,Санкт-Петербург,СПб ОАО «Красный Октябрь»,8
Северо-Западный федеральный округ,Санкт-Петербург,Санкт-Петербург,АО «ЦКБ МТ «Рубин»,2
Северо-Западный федеральный округ,Санкт-Петербург,Санкт-Петербург,АО «НПП «Пирамида»,1
Северо-Западный федеральный округ,Санкт-Петербург,Санкт-Петербург,АО «КБ «Арсенал»,2
Северо-Западный федеральный округ,Санкт-Петербург,Санкт-Петербург,АО «КБСМ»,2
Северо-Западный федеральный округ,Санкт-Петербург,Санкт-Петербург,АО «ВНИИРА»,2
Северо-Западный федеральный округ,Ленинградская область,Мурино,АО «НПО «Поиск»,2
Северо-Западный федеральный округ,Санкт-Петербург,Санкт-Петербург,АО «ЦНИИМ»,3
Северо-Западный федеральный округ,Санкт-Петербург,Санкт-Петербург,"АО ""СЗРЦ концерна ВКО ""Алмаз-Антей"" - Обуховский завод""",9
Северо-Западный федеральный округ,Санкт-Петербург,Санкт-Петербург,АО «ОДК-Климов»,23
Северо-Западный федеральный округ,Калининградская область,Калининград,"АО ""ОКБ ""Факел""",3
Северо-Западный федеральный округ,Санкт-Петербург,Санкт-Петербург,"ПАО ""Пролетарский завод""",1
Северо-Западный федеральный округ,Санкт-Петербург,Санкт-Петербург,"АО ""Радиоавионика""",1
Северо-Западный федеральный округ,Санкт-Петербург,Санкт-Петербург,"АО НПО ""Компрессор""",1
Северо-Западный федеральный округ,Санкт-Петербург,Санкт-Петербург,ОАО «МЗ «Арсенал»,1
Северо-Западный федеральный округ,Архангельская область,Северодвинск,АО «Производственное объединение «Севмаш»,2
Северо-Западный федеральный округ,Санкт-Петербург,Санкт-Петербург,АО «НПО «Импульс»,1
Северо-Западный федеральный округ,Санкт-Петербург,Санкт-Петербург,АО «РИРВ»,1
Северо-Западный федеральный округ,Новгородская область,Великий Новгород,АО НПО «Квант»,1
Северо-Западный федеральный округ,Ленинградская область,Гатчина,"АО ""218 авиационный ремонтный завод""",1
Сибирский федеральный округ,Красноярский край,Железногорск,АО «ИСС»,6
Уральский федеральный округ,Свердловская область,Каменск-Уральский,"АО ""Уральское проектно-конструкторское бюро ""Деталь""",1
Уральский федеральный округ,Свердловская область,Екатеринбург,АО «ПО «УОМЗ»,1
Уральский федеральный округ,Свердловская область,Екатеринбург,АО «ОКБ «Новатор»,1
Центральный федеральный округ,Московская область,Коломна,АО «НПК «КБМ»,11
Центральный федеральный округ,Москва,Москва,АО «НПО «Прибор»,2
Центральный федеральный округ,Владимирская область,Ковров,ОАО «Завод им. В.А. Дегтярева»,1
Приволжский федеральный округ,Республика Татарстан,Казань,АО Эникс,
Приволжский федеральный округ,Республика Татарстан,Казань,ФКП Казанский государственный казенный пороховой завод,
Приволжский федеральный округ,Республика Татарстан,Казань,ОАК Казанский авиационный завод им. С. П. Горбунова,
Приволжский федеральный округ,Республика Татарстан,Казань,АО Казанский оптико-механический завод,
Приволжский федеральный округ,Республика Татарстан,Казань,АП Казанский вертолётный завод,
Северо-Западный федеральный округ,Мурманская область,Мурманск,"АО ""82 судоремонтный завод""",
Северо-Западный федеральный округ,Мурманская область,Мурманск,"АО""Кольское предприятие ЭРА""",
Северо-Западный федеральный округ,Мурманская область,Мурманск,"АО ""Апатит""",
Северо-Западный федеральный округ,Мурманская область,Мурманск,"Филиал 35 АО Судоремонтынй завод ""Звездочка""",
Северо-Западный федеральный округ,Мурманская область,Мурманск,"ООО""СпецМашТехноСервис""",
Центральный федеральный округ,Брянская область,Брянск,"ЗАО ""Управляющая компания ""Брянский машиностроительный завод""",
Центральный федеральный округ,Брянская область,Брянск,"ЗАО СП ""Брянсксельмаш""",
Центральный федеральный округ,Брянская область,Брянск,"ЗАО ""ПО ""Ирмаш""",
Центральный федеральный округ,Брянская область,Брянск,"
ЗАО ""Брянский автомобильный завод""",
Центральный федеральный округ,Брянская область,Брянск,"ОАО ""Брянский арсенал""",
Центральный федеральный округ,Брянская область,Брянск,"АО ""192 Центральный завод железнодорожной техники""",
Центральный федеральный округ,Брянская область,Брянск,"ОАО ""Брянский завод металлоконструкций и технологической оснастки""",
Центральный федеральный округ,Брянская область,Брянск,"ООО ""ПК ""Бежицкий сталелитейный завод""",
Центральный федеральный округ,Брянская область,Брянск,"АО ""Брянский электромеханический завод""",
Дальневосточный федеральный округ,Камчатский край,"Петропавловск
-Камчатский",ООО ГК «СибСтройМет»,
Центральный федеральный округ,Москва,Москва,ООО ADA Aero,
Центральный федеральный округ,Москва,Москва,ООО Аэроб,
Центральный федеральный округ,Москва,Москва,АО Аэрокомпозит,
Центральный федеральный округ,Москва,Москва,АО Акин,
Центральный федеральный округ,Москва,Москва,АО «Концерн ВКО «Алмаз – Антей»,
Центральный федеральный округ,Москва,Москва,АО «Альтаир - НТПЦ»,
Центральный федеральный округ,Москва,Москва,"АО ""Концер ""Автоматика""",
Центральный федеральный округ,Москва,Москва,АО РТИ,
Центральный федеральный округ,Москва,Москва,АО «НПО «Базальт»,
Центральный федеральный округ,Москва,Москва,"АО ""Концерн ""МОРИНСИС - АГАТ""",
Центральный федеральный округ,Москва,Москва,"АО ""Дукс""",
Центральный федеральный округ,Москва,Москва,"ОАО ""НПО ГЕОФИЗИКА-НВ""",
Центральный федеральный округ,Москва,Москва,"ОАО ""НПО ""ГИДРОМАШ""",
Центральный федеральный округ,Москва,Москва,"АО ""ГНПП ""РЕГИОН""",
Центральный федеральный округ,Москва,Москва,"АО ""Инновациооные оружейные технологии""",
Центральный федеральный округ,Москва,Москва,"АО ""МКБ ""Искра""",
Центральный федеральный округ,Москва,Москва,"АО ""КБ ""Аметист""",
Центральный федеральный округ,Москва,Москва,"АО ""КБТОЧМАШ ИМ. А.Э. Нудельмана""",
Центральный федеральный округ,Москва,Москва,АО «Московское конструкторское бюро «Компас»,
Центральный федеральный округ,Москва,Москва,АО «Конструкторское бюро машиностроения»,
Центральный федеральный округ,Москва,Москва,"АО ""ГОС МКБ ""Вымпел"" им. И.И. Торопова""",
Центральный федеральный округ,Москва,Москва,"АО ""ЦНИИ ""КУРС""",
Центральный федеральный округ,Москва,Москва,АО НИАТ,
Центральный федеральный округ,Москва,Москва,"АО ""НИИ стали""",
Центральный федеральный округ,Москва,Москва,"АО ""ПРОЕКТМАШПРИБОР""",
Центральный федеральный округ,Москва,Москва,"АО ""ЗАВОД ""Топаз""",
Центральный федеральный округ,Москва,Москва,"ООО ""ОКБ Беркана""",
Центральный федеральный округ,Москва,Москва,"АО ""Красная звезда""",
Центральный федеральный округ,Москва,Москва,"АО ""НПП ""Салют""",
Центральный федеральный округ,Москва,Москва,"АО ""КОНЦЕРН ""Вега""",
Уральский федеральный округ,Челябинская область,Челябинск,АО «Сигнал»,
Уральский федеральный округ,Челябинская область,Челябинск,АО «Завод «Пластмасс»,
Уральский федеральный округ,Челябинская область,Челябинск,"ЗАО ""Челябинский компрессорный завод""",
Уральский федеральный округ,Челябинская область,Челябинск,"ОАО ""Челябинский цинковый завод""",
Уральский федеральный округ,Челябинская область,Челябинск,"ОАО ""Челябинский механический завод""",
Уральский федеральный округ,Челябинская область,Челябинск,"ОАО ""Уралавтоприцеп",
Уральский федеральный округ,Челябинская область,Челябинск,"АО ""НПО ""Электромашина""",
Уральский федеральный округ,Челябинская область,Челябинск,"ОАО ""Трубодеталь""",
Уральский федеральный округ,Челябинская область,Челябинск,"ООО ""Челябинский тракторный завод - УРАЛТРАК""",
Приволжский федеральный округ,Самарская область,Тольятти,"Акционерное Общество ""АВТОВАЗ""",
Приволжский федеральный округ,Самарская область,Тольятти,"Общество с ограниченной ответственностью ""Тольяттинский трансформатор",
Приволжский федеральный округ,Самарская область,Тольятти,"Поволжский завод штамповой оснастки Общество с Ограниченной Ответственностью ""Техносервис - ТЛТ""",
Приволжский федеральный округ,Самарская область,Тольятти,"Закрытое Акционерное общество ""Тольяттинский Завод Автоагрегаторов""",
Приволжский федеральный округ,Самарская область,Тольятти,Тольяттинский трубопроводный завод,
Дальневосточный федеральный округ,Приморский край,Владивосток,"ПАО ""Дальприбор""",
Дальневосточный федеральный округ,Приморский край,Владивосток,АО «ДЦСС» (входит в состав Обществ Группы ПАО «НК «Роснефть»),
Дальневосточный федеральный округ,Приморский край,Владивосток,ООО Котельный завод «Восточный»,
Дальневосточный федеральный округ,Приморский край,Владивосток,АО «Инструментальный завод»,
Дальневосточный федеральный округ,Приморский край,Владивосток,"ОБЩЕСТВО С ОГРАНИЧЕННОЙ ОТВЕТСТВЕННОСТЬЮ ""ПРИМОРСКИЙ ЗАВОД ПО ОБРАБОТКЕ ЦВЕТНЫХ МЕТАЛЛОВ",
Дальневосточный федеральный округ,Приморский край,Владивосток,ПАО «СОЛЛЕРС АВТО»,
Дальневосточный федеральный округ,Хабаровский край,Хабаровск,ОАО «Дальневосточный завод энергетического машиностроения» (Дальэнергомаш),
Дальневосточный федеральный округ,Хабаровский край,Хабаровск,"АО ""Хабаровский судостроительный завод"" (АО ""ХСЗ"")",
Дальневосточный федеральный округ,Хабаровский край,Комсомольска-на-Амуре,Амурский судостроительный завод,
Дальневосточный федеральный округ,Амурская область,Благовещенск,ГК «Амурский металлист»,
Дальневосточный федеральный округ,Амурская область,Благовещенск,АО «Судостроительный завод имени Октябрьской революции»,
Дальневосточный федеральный округ,Амурская область,Благовещенск,ООО Амурский завод металлических конструкций,
Дальневосточный федеральный округ,Амурская область,Благовещенск,ООО Благовещенский ремонтно-механический завод,
Дальневосточный федеральный округ,Амурская область,Благовещенск,ОАО Благовещенский электроаппаратный завод,
Дальневосточный федеральный округ,Амурская область,Шимановск,"АО Производственное объединение ""Шимановский машиностроительный завод""",
Дальневосточный федеральный округ,Республика Саха (Якутия),Якутск,ООО «Эльгауголь»,
Дальневосточный федеральный округ,Республика Саха (Якутия),Якутск,АО «Эльконский ГМК»,
Дальневосточный федеральный округ,Республика Саха (Якутия),Якутск,ОАО «АЛРОСА»,
Дальневосточный федеральный округ,Магаданская область,Магадан,"ЗАО ""Магаданский авиаремонтный завод № 73 Гражданской авиации""",
Дальневосточный федеральный округ,Магаданская область,Магадан,"АО «Магаданский механический завод» (""ММЗ"")",
Дальневосточный федеральный округ,Забайкальский край,Чита,"ООО «Читинский станкостроительный завод» (""ЧСЗ"")",
Дальневосточный федеральный округ,Забайкальский край,Чита,ООО «Черновский РМЗ»,
Дальневосточный федеральный округ,Забайкальский край,Чита,ООО «Машзавод»,
Дальневосточный федеральный округ,Забайкальский край,Чита,"АО ""810 авиационный ремонтный завод"" (АРЗ 810)",
Сибирский федеральный округ,Красноярский край,Норильск,АО «Норильский горно-металлургический комбинат имени А. П. Завенягина»,
Центральный федеральный округ,Смоленская область,Смоленск,АО «Смоленский авиационный завод»,
Центральный федеральный округ,Смоленская область,Смоленск,"ФГУП ""СПО ""Аналитприбор""",
Центральный федеральный округ,Смоленская область,Смоленск,ОАО «Смоленский завод радиодеталей»,
Приволжский федеральный округ ,Республика Татарстан,Зеленодольск ,"АО ""Зеленодольский завод имени A.M. Горького""",
Приволжский федеральный округ ,Республика Татарстан,Зеленодольск ,"АО ""Зеленодольское проектно-конструкторское бюро""",
Приволжский федеральный округ ,Республика Татарстан,Казань,"АО ""ЗАВОД ЭЛЕКОН""",
Приволжский федеральный округ ,Республика Татарстан,Казань,"ПАО ""Казанский Электротехнический Завод""",
Приволжский федеральный округ ,Республика Татарстан,Казань,"АО ""РАДИОПРИБОР""",
Приволжский федеральный округ ,Республика Татарстан,Казань,"ОАО Казанский завод ""Электроприбор""",
Северо-Западный федеральный округ,Калининградская область,Калининград,"Судоремонтное предприятие ""ПРЕГОЛЬ""",
Северо-Западный федеральный округ,Калининградская область,Калининград,"Общество с Ограниченной Ответственностью завод ""Калининградгазавтоматика""",
Северо-Западный федеральный округ,Калининградская область,Калининград,"Акционерное Общество ""Автотор""",
Северо-Западный федеральный округ,Калининградская область,Калининград,"Открытое Акционерное Общество ""Калининградский Вагоностроительный Завод""",
Южный федеральный округ,Астраханская область,Астрахань,Астраханское Судостроительное Производственное Объединение (АСПО),
Южный федеральный округ,Астраханская область,Астрахань,"Судостроительно-судоремонтный завод имени 
Ленина (ССЗ имени Ленина)",
Южный федеральный округ,Астраханская область,Астрахань,Астраханский тепловозоремонтный завод,
Южный федеральный округ,Астраханская область,Астрахань,Первомайский судоремонтный завод (ПСРЗ),
Южный федеральный округ,Астраханская область,Астрахань,"ОАО ""Астраханское стекловолокно""",
Южный федеральный округ,Астраханская область,Астрахань,Астраханский завод холодильного оборудования,
Южный федеральный округ,Астраханская область,Астрахань,Астраханский станкостроительный завод,
Южный федеральный округ,Астраханская область,Астрахань,Астраханский судоремонтный завод (АСРЗ),
Центральный федеральный округ,Ярославская область,рп. Бурмакино,"АО ""6 Арсенал""",
Центральный федеральный округ,Ярославская область,г. Рыбинск,"ПАО ""ОДК-САТУРН""",
Центральный федеральный округ,Ярославская область,г. Тутаев,ПАО «Тутаевский моторный завод»,
Центральный федеральный округ,Ярославская область,г. Рыбинск,АО «Судостроительный завод «Вымпел»,
Центральный федеральный округ,Ярославская область,Ярославль,ПАО «Ярославский судостроительный завод»,
Центральный федеральный округ,Ярославская область,Ярославль,"ПАО ""Автодизель"" (Ярославский моторный завод)",
Сибирский федеральный округ,Красноярский край,Красноярск,"Публичное Акционерное Общество ""РУСАЛ""",
Сибирский федеральный округ,Красноярский край,Красноярск,"Общество с Ограниченной Ответственностью ""Красноярский металлургический завод""",
Сибирский федеральный округ,Красноярский край,Красноярск,"Акционерное Общество ""Красноярский Машиностроительный Завод""",
Сибирский федеральный округ,Красноярский край,Красноярск,"Открытое Акционерное Общество ""КрасЦветМет""",
Центральный федеральный округ,Калужская область,Калуга,"ООО ""Беспилотные Системы""",
Центральный федеральный округ,Калужская область,Калуга,"АО ""Тайфун""",
Центральный федеральный округ,Калужская область,г. Таруса,ООО «Конструкторское бюро интегрированных систем» (КБИС),
Центральный федеральный округ,Калужская область,г. Козельск,ПАО «Козельский механический завод»,
Центральный федеральный округ,Калужская область,г. Жуков,"АО ""Книрти""",
Южный федеральный округ,Волгоградская область,г. Волжский,"ООО ПКФ ""КРОНТЕХ""",
Южный федеральный округ,Волгоградская область,г. Волгоград,ПКФ Альтернатива,
Южный федеральный округ,Волгоградская область,г. Волжский,Нижне-волжский Трубный завод,
Уральский федеральный округ,Свердловская область,Екатеринбург,"ООО ""УРАЛШИНА""",
Уральский федеральный округ,Свердловская область,Екатеринбург,"ОАО ""СЗТТ""",
Уральский федеральный округ,Свердловская область,Екатеринбург,Ключевский завод ферросплавов,
Уральский федеральный округ,Свердловская область,Екатеринбург,Завод «Пневмостроймашина»,
Уральский федеральный округ,Свердловская область,Екатеринбург,"АО ""УРАЛТРАНСМАШ""",
Уральский федеральный округ,Свердловская область,Екатеринбург,Екатеринбургский электровозоремонтный завод – филиал ОАО «Желдорреммаш»,
Приволжский федеральный округ ,Республики Башкортостан,Уфа,"АО ""УАП ""Гидравлика""",
Приволжский федеральный округ ,Республики Башкортостан,Уфа,Уфимский завод точного машиностроения (УЗТМ),
Приволжский федеральный округ ,Республики Башкортостан,Уфа,«ЭКМ Холдинг»,
Приволжский федеральный округ ,Республики Башкортостан,Уфа,АО «Уфимский трамвайно-троллейбусный завод»,
Приволжский федеральный округ ,Республики Башкортостан,Уфа,Котельный завод НПП АТЭ,
Приволжский федеральный округ ,Республики Башкортостан,Уфа,ООО «Завод весового оборудования»,
Уральский федеральный округ,Тюменская область,Тюмень,"Открытое Акционерное Общество ""Тюменский аккумуляторный завод""",
Уральский федеральный округ,Тюменская область,Тюмень,"Акционерное общество ""Заводоуковский машиностроительный завод""",
Уральский федеральный округ,Тюменская область,Тюмень,"Закрытое Акционерное Общество ""Тюменский машиностроительный завод""",
Уральский федеральный округ,Тюменская область,Тюмень,"Общество с Ограниченной Ответственностью ""Опытный завод гусеничных тягачей""",
Уральский федеральный округ,Тюменская область,Тюмень,"Общество с Ограниченной Ответственностью ""Техноимпульс""",
Уральский федеральный округ,Тюменская область,Тюмень,"Общество с Ограниченной Ответственностью ""Трансмаш""",
Уральский федеральный округ,Тюменская область,Тюмень,"Общество с Ограниченной Ответственностью ""Мег Вест""",
Уральский федеральный округ,Тюменская область,Тюмень,"Общество с Ограниченной Ответственностью ""СНГК Мотор-Сервис""",
Приволжский федеральный округ,Республика Татарстан,"Альметьевск
","АО ""АЛЬМЕТЬЕВСКИЙ ЗАВОД ""РАДИОПРИБОР""",
Приволжский федеральный округ,Республика Татарстан,Набережные Челны,ООО «ЗАВОД «ПРОФТЕРМО»,
Приволжский федеральный округ,Республика Татарстан,Бугульма,Бугульминский механический завод ПАО «Татнефть»,
Приволжский федеральный округ,Республика Татарстан,Казань,АО «Научно-производственное объединение „Радиоэлектроника“ имени В. И. Шимко»,
Приволжский федеральный округ,Республика Татарстан,Казань,"ОАО Научно-производственное объединение «Опытно-конструкторское бюро имени М. П. Симонова» ""СОКОЛ""",
Приволжский федеральный округ,Удмуртская Республика,Ижевск,АО «Ижевский механический завод»,
Приволжский федеральный округ,Удмуртская Республика,Ижевск,"ООО ""Научно-производственное объединение Ижевские беспилотные системы""",
Приволжский федеральный округ,Удмуртская Республика,Ижевск,Группа компаний «Калашников»,
Приволжский федеральный округ,Удмуртская Республика,Ижевск,"ЗАО ""Техкрим""",
Приволжский федеральный округ,Удмуртская Республика,Сарапул,АО «Сарапульский электрогенераторный завод»,
Приволжский федеральный округ,Удмуртская Республика,Сарапул,"АКЦИОНЕРНОЕ ОБЩЕСТВО ""САРАПУЛЬСКИЙ РАДИОЗАВОД""",
Приволжский федеральный округ,Удмуртская Республика,Воткинск,"АО ""Воткинский Завод""",
Приволжский федеральный округ,Нижегородская область,Нижний Новгород,"АО КБ ""Вымпел""",
Приволжский федеральный округ,Нижегородская область,Саров,"ФГУП ""РФЯЦ - ВНИИЭФ""",
Приволжский федеральный округ,Нижегородская область,Нижний Новгород,"АО ""Румо""",
Приволжский федеральный округ,Нижегородская область,рп. Юганец,"АО ""53 Арсенал""",
Приволжский федеральный округ,Нижегородская область,Нижний Новгород,"ООО ""ВИЦ""",
Приволжский федеральный округ,Нижегородская область,Нижний Новгород,ООО «ПКФ Квинтор»,
Приволжский федеральный округ,Нижегородская область,г. Дзержинск,АО «ГосНИИмаш»,
Приволжский федеральный округ,Нижегородская область,г. Павлово,"АО ""Гидроагрегат""",
Приволжский федеральный округ,Нижегородская область,Нижний Новгород,АО «ЦНИИ «Буревестник»,
Приволжский федеральный округ,Нижегородская область,Нижний Новгород,АО «Завод «Электромаш»,
Центральный федеральный округ,Орловская область,г. Мценск,"ОАО ""Мценский завод коммунального машиностроения""",
Центральный федеральный округ,Орловская область,г. Ливны,АО «Ливенский завод погружных насосов»,
Центральный федеральный округ,Орловская область,г. Ливны,Ливенский завод противопожарного машиностроения,
" 
Приволжский федеральный округ",Самарская область,Самара,"Публичное Акционерное Общество ""Завод имени Тарасова""",
" 
Приволжский федеральный округ",Самарская область,Самара,Самарский завод Нефтемаш,
" 
Приволжский федеральный округ",Самарская область,Самара,"Открытое Акционерное Общество ""Самарский завод ЭКРАН""",
" 
Приволжский федеральный округ",Самарская область,Самара,Авиакор - авиационный завод,
" 
Приволжский федеральный округ",Самарская область,Самара,Средневолжский машиностроительный завод,
" 
Приволжский федеральный округ",Оренбургская область,Оренбург,Оренбургский завод металлоконструкций,
Приволжский федеральный округ,Оренбургская область,Оренбург,Завод Инвертор,
" 
Приволжский федеральный округ",Оренбургская область,Оренбург,"Общество с Ограниченной Ответственностью ""Коммунар""",
" 
Приволжский федеральный округ",Нижегородская область,Нижний Новгород,"Общество с Ограниченной ответственностью ""Автомобильный завод ""ГАЗ""",
" 
Приволжский федеральный округ",Нижегородская область,Нижний Новгород,"Открытое Акционерное Общество ""Горьковский завод аппаратуры связи им. А.С.Попова""",
" 
Приволжский федеральный округ",Нижегородская область,Нижний Новгород,"Публичное Акционерное Общество ""Завод им. Г.И. Петровского""",
" 
Приволжский федеральный округ",Нижегородская область,Нижний Новгород,"Открытое Акционерное Общество ""РУМО""",
" 
Приволжский федеральный округ",Нижегородская область,Нижний Новгород,"Общество с Ограниченной Ответственностью ""Нижегородские моторы""",
Сибирский федеральный округ,Омская область,Омск,"Открытое Акционерное Общество ""ОПЗ им. Козицкого""",
Сибирский федеральный округ,Омская область,Омск,"Акционерное Общество ""Омский завод транспортного машиностроения""",
Сибирский федеральный округ,Омская область,Омск,"Открытое акционерное Общество ""Автогенный завод""",
Центральный федеральный округ,Воронежская область,Воронеж,"Открытое Акционерное Общество ""Завод по выпуску тяжелых механических прессов""",
Центральный федеральный округ,Воронежская область,Воронеж,"Открытое Акционерное Общество ""Электросигнал""",
Центральный федеральный округ,Воронежская область,Воронеж,Воронежское Акционерное Самолётостроительное Общество,
Центральный федеральный округ,Воронежская область,Воронеж,"Закрытое Акционерное Общество ""Воронежский мостовой завод""",
Южный федеральный округ,Волгоградская область,г. Волгоград,"Открытое Акционерное Общество ""Тракторная компания ""ВгТЗ""",
Южный федеральный округ,Волгоградская область,г. Волгоград,"Акционерное Общество ""Центральное конструкторское бюро ""Титан""",
Южный федеральный округ,Волгоградская область,г. Волгоград,"Открытое Акционерное Общество ""Волгоградский завод тракторных деталей и нормалей""",
Центральный федеральный округ,Тульская область,Тула,"Открытое Акционерное Общество ""АК""ТулаМашЗавод""",
Центральный федеральный округ,Тульская область,Тула,"Акционерное Общество ""Газстройдеталь""",
Центральный федеральный округ,Тульская область,Тула,"Закрытое Акционерное Общество ""Тулажелдормаш""",
Центральный федеральный округ,Тульская область,Тула,"Акционерное Общество ""Научно-производственное объединение ""СПЛАВ""",
Центральный федеральный округ,Тульская область,Тула,"Открытое Акционерное Общество ""Тулачермет""",
Сибирский федеральный округ,Томская область,Томск,"Открытое Акционерное Общество ""Сибэлектромотор""",
Сибирский федеральный округ,Томская область,Томск,"Открытое Акционерное Общество ""Манотомь""",
Сибирский федеральный округ,Томская область,Томск,"Закрытое Акционерное Общество ""Сибкабель""",
Сибирский федеральный округ,Томская область,Томск,"Открытое Акционерное Общество ""Томский электромеханический завод им. В.В. Вахрушева""",
Сибирский федеральный округ,Томская область,Томск,"Акционерное общество ""Научно-производственная фирма ""Микран""",
Сибирский федеральный округ,Иркутская область,Иркутск,"Открытое Акционерное Общество ""Иркутский завод тяжелого машиностроения""",
Сибирский федеральный округ,Иркутская область,Иркутск,"Иркутский авиационный завод ""Иркут""",
Сибирский федеральный округ,Иркутская область,Иркутск,"Общество с Ограниченной Ответственностью ""СпецТехМаш""",
Сибирский федеральный округ,Иркутская область,Иркутск,Иркутский Ремонтно-механический завод,
Приволжский федеральный округ ,Республика Татарстан,Набережные челны,ООО Теталит ,
Приволжский федеральный округ ,Республика Татарстан,Набережные челны,Камский завод метизов,
Приволжский федеральный округ ,Республика Татарстан,Набережные челны,Набережночелнинский трубный завод «ТЭМ-ПО»,
Приволжский федеральный округ ,Республика Татарстан,Набережные челны,Камский автомобильный завод (КамАЗ),
Приволжский федеральный округ ,Республика Татарстан,Набережные челны,Производственное предприятие «Камстандарт»,
Приволжский федеральный округ ,Республика Татарстан,Набережные челны,Челнинский арматурный завод,
Приволжский федеральный округ ,Республика Татарстан,Набережные челны,ООО «Новые литейные технологии»,
Приволжский федеральный округ ,Республика Татарстан,Набережные челны,"Камский завод металлоконструкций ""ТЭМПО""",
Центральный федеральный округ,Курская область,Курск,"ЗАО ""Курский электроаппаратный завод""",
Центральный федеральный округ,Курская область,Курск,"ОАО ""ЭЛЕКТРОАГРЕГАТ""",
Центральный федеральный округ,Курская область,Курск,"ООО ""Курскхимволокно""",
Центральный федеральный округ,Курская область,Курск,"
Курский аккумуляторный завод (КАЗ)",
Центральный федеральный округ,Курская область,Курск,Элеватормельмаш (ЭММ),
Центральный федеральный округ,Курская область,Курск,«Авиаавтоматика» им. В.В. Тарасова»,
Центральный федеральный округ,Курская область,Курск,"
Счетмаш",
Приволжский федеральный округ ,Пермский край,Пермь,"Общество с Ограниченной Ответственностью ""Ранмакс""",
Приволжский федеральный округ ,Пермский край,Пермь,"Завод ""Уралгидромаш""",
Приволжский федеральный округ ,Пермский край,Пермь,"Завод ""Синергия""",
Приволжский федеральный округ ,Пермский край,Пермь,"Завод энергетического машиностроения ""Пермэнергокомплект""",
Приволжский федеральный округ ,Пермский край,Пермь,,
Сибирский федеральный округ,Алтайский край,Барнаул,Алтайский завод агрегатов,
Сибирский федеральный округ,Алтайский край,Барнаул,Сибирская энергетическая компания,
Сибирский федеральный округ,Алтайский край,Барнаул,АО Барнаульский радиозавод,
Сибирский федеральный округ,Алтайский край,Барнаул,Алтайский приборостроительный завод «Ротор»,
Сибирский федеральный округ,Алтайский край,Барнаул,Барнаульский станкостроительный завод (БСЗ),
Центральный федеральный округ,Белгородская область,Белгород,ОЭЗ Белэнергомаш,
Центральный федеральный округ,Белгородская область,Белгород,Белгородский завод Ритм,
Центральный федеральный округ,Белгородская область,Белгород,Гормаш,
Южный федеральный округ,Краснодарский край,Краснодар,"ООО ""Тегас""",
Южный федеральный округ,Краснодарский край,Краснодар,ОАО 275 Авиационный ремонтный завод,
Южный федеральный округ,Краснодарский край,Краснодар,"ЗАО""Краснодарский нефтеперерабатывающий завод""",
Центральный федеральный округ,Липецкая область,г. Лебедянь,ООО «Лебедянский машиностроительный завод»,
Центральный федеральный округ,Липецкая область,г. Елец,ОАО «Гидропривод»,
Центральный федеральный округ,Липецкая область,г. Липецк,"ООО ""ЛПО ""Электроаппарат""",
Центральный федеральный округ,Липецкая область,г. Грязи,ООО «СЭСТ-ЛЮВЭ»,
Северо-Западный федеральный округ,Вологодская область,Череповец,"Череповецкий литейно-механический завод (""ЧЛМЗ"")",
Северо-Западный федеральный округ,Вологодская область,Череповец,Череповецкий трубопрокатный завод,
Северо-Западный федеральный округ,Вологодская область,Череповец,Череповецкий металлургический комбинат (ЧерМК),
Северо-Западный федеральный округ,Вологодская область,Череповец,ОАО «Северсталь-метиз»,
Центральный федеральный округ,Рязанская область,Рязань,"АО ""Рязанская нефтеперерабатывающая компания""",
Центральный федеральный округ,Рязанская область,Рязань,"АО ""Государственный Рязанский приборный завод""",
Центральный федеральный округ,Рязанская область,Рязань,"ОАО ""Рязанский Станкостроительный Завод""",
Центральный федеральный округ,Рязанская область,Рязань,АО «360 авиаремонтный завод»,
Центральный федеральный округ,Тамбовская область,Томбов,"ОАО ""Тамбовский завод ""Комсомолец"" им. Н.С. Артемова""",
Центральный федеральный округ,Тамбовская область,Томбов,"ОАО ""Тамбовский завод ""Революционный труд""",
Центральный федеральный округ,Тамбовская область,Томбов,"АО ""Тамбовмаш""",
Южный федеральный округ,Ростовская область,Ростов-на-дону,"АО ""ГОРИЗОНТ""",
Южный федеральный округ,Ростовская область,Ростов-на-дону,Ростовский-на-Дону электровозоремонтный завод (Ростовский-на-Дону ЭРЗ),
Южный федеральный округ,Ростовская область,Ростов-на-дону,"ООО ""Ростовский Компрессорный Завод""",
Южный федеральный округ,Краснодарский край,Краснодар,"ООО ""Газпром Добыча Краснодар""",
Южный федеральный округ,Краснодарский край,Краснодар,"ООО ""Нефтедобыча""",
Южный федеральный округ,Краснодарский край,Краснодар,"ООО ""Русская Нефтяная Компания""",
Южный федеральный округ,Краснодарский край,Краснодар,"ОАО ""275 Авиационный ремонтный завод""",
Приволжский федеральный округ ,Пермский край,Пермь,ПАО «Пермская научно-производственная приборостроительная компания»,
Приволжский федеральный округ ,Пермский край,Пермь,АО «ОДК-Пермские моторы»,
Приволжский федеральный округ ,Пермский край,Пермь,Группа компаний «Новомет»,
Северо-Западный федеральный округ,Архангельская область,Архангельск,Судоремонтный завод «Красная Кузница» (СРЗ «Красная Кузница»),
Сибирский федеральный округ,Кемеровская область,Новокузнецк,Завод по ремонту горно-шахтного оборудования,
